image_name,model,processing_time,predicted_student_name,ground_truth_student_name,predicted_student_id,ground_truth_student_id,predicted_vehicle_plate,ground_truth_vehicle_plate,predicted_instructor_name,ground_truth_instructor_name,predicted_distance_completed,ground_truth_distance_completed,predicted_time_completed,ground_truth_time_completed,predicted_distance_remaining,ground_truth_distance_remaining,predicted_time_remaining,ground_truth_time_remaining,predicted_total_sessions,ground_truth_total_sessions
dat_000,baseline_ocr,0,1901e1 41h 111h,,70835-20250513082029960,,51K27637,,801 41h 7041,,0.0,,00:00,,810.0,,19:59,,1,
dat_001,baseline_ocr,0,,,79035-20250530135116550,,51D19675,,1901e1 000 840h,,829.0,,25:20,,0.0,,0:00,,,
dat_002,baseline_ocr,0,16 111h 7h041 kh04,,79035-20250530735116550,,,,190161 0u0 840h,,508.5,,16:14,,316.5,,7:45,,,
dat_003,baseline_ocr,0,801 71019 141,,79035-20250527094027463,,51D19556,,ph41 0a1 00019,,122.8,,04:00,,702.2,,19:59,,2,
dat_004,baseline_ocr,0,7141 141 7041,,,,51K34369,,19o 1a1,,531.3,,15:03,,278.7,,04:56,,,
